{
  "Z_mae": 0.00015090719056248296,
  "Z_rmse": 0.0001868584539547153,
  "Z_max_error": 0.005860667768837198,
  "rho_rel_error": 5.618122116906637e-05,
  "eps_rel_error": 0.0001638778417221313,
  "press_rel_error": 0.00011235962100139314,
  "W_rel_error": 5.617750273541685e-05,
  "correlation": 0.999999910828323,
  "error_p50": 0.00014860834669358503,
  "error_p90": 0.00022879865770172175,
  "error_p95": 0.00028542022253610336,
  "error_p99": 0.0005117410014096437,
  "physics_consistency": 3.4775432651682385e-08
}